Word,Meaning
A3,"Anytime, Anywhere, Anyplace"
ADIH,Another Day In Hell
AFK,Away From Keyboard
AFAIK,As Far As I Know
ASAP,As Soon As Possible
ASL,"Age, Sex, Location"
ATK,At The Keyboard
ATM,At The Moment
BAE,Before Anyone Else
BAK,Back At Keyboard
BBL,Be Back Later
BBS,Be Back Soon
BFN,Bye For Now
B4N,Bye For Now
BRB,Be Right Back
BRUH,Bro
BRT,Be Right There
BSAAW,A Big Smile And A Wink
BTW,By The Way
BWL,Bursting With Laughter
CSL,Can't Stop Laughing
CU,See You
CUL8R,See You Later
CYA,See You
DM,Direct Message
FAQ,Frequently Asked Questions
FC,Fingers Crossed
FIMH,Forever In My Heart
FOMO,Fear Of Missing Out
FR,For Real
FWIW,For What It's Worth
FYP,For You Page
FYI,For Your Information
G9,Genius
GAL,Get A Life
GG,Good Game
GMTA,Great Minds Think Alike
GN,Good Night
GOAT,Greatest Of All Time
GR8,Great
HBD,Happy Birthday
IC,I See
ICQ,I Seek You
IDC,I Don't Care
IDK,I Don't Know
IFYP,I Feel Your Pain
ILU,I Love You
ILY,I Love You
IMHO,In My Honest/Humble Opinion
IMU,I Miss You
IMO,In My Opinion
IOW,In Other Words
IRL,In Real Life
IYKYK,"If You Know, You Know"
JK,Just Kidding
KISS,"Keep It Simple, Stupid"
L,Loss
L8R,Later
LDR,Long Distance Relationship
LMK,Let Me Know
LMAO,Laughing My A** Off
LOL,Laughing Out Loud
LTNS,Long Time No See
M8,Mate
MFW,My Face When
MID,Mediocre
MRW,My Reaction When
MTE,My Thoughts Exactly
NVM,Never Mind
NRN,No Reply Necessary
NPC,Non-Player Character
OIC,Oh I See
OP,Overpowered
PITA,Pain In The A**
POV,Point Of View
PRT,Party
PRW,Parents Are Watching
ROFL,Rolling On The Floor Laughing
ROFLOL,Rolling On The Floor Laughing Out Loud
ROTFLMAO,Rolling On The Floor Laughing My A** Off
RN,Right Now
SK8,Skate
STATS,Your Sex And Age
SUS,Suspicious
TBH,To Be Honest
TFW,That Feeling When
THX,Thank You
TIME,Tears In My Eyes
TLDR,"Too Long, Didn't Read"
TNTL,Trying Not To Laugh
TTFN,Ta-Ta For Now
TTYL,Talk To You Later
U,You
U2,You Too
U4E,Yours Forever
W,Win
W8,Wait
WB,Welcome Back
WTF,What The F**k
WTG,Way To Go
WUF,Where Are You From
WYD,What You Doing
WYWH,Wish You Were Here
ZZZ,"Sleeping, Bored, Tired"
AFAIR,As Far As I Remember
AFAICT,As Far As I Can Tell
AFAICS,As Far As I Can See
AIGHT,Alright
ALOL,Actually Laughing Out Loud
AMA,Ask Me Anything
AYT,Are You There
BB,Bye Bye
BBIAB,Be Back In A Bit
BBIAF,Be Back In A Few
BC,Because
BFF,Best Friends Forever
BFFL,Best Friends For Life
BION,Believe It Or Not
BITD,Back In The Day
BLNT,Better Luck Next Time
BTDT,"Been There, Done That"
BTA,But Then Again
BTH,Beats The Heck
BTS,Behind The Scenes
BTT,Back To Topic
BUB,Buddy
BYOB,Bring Your Own Beverage
CD9,Parents Are Around
CM,Call Me
CMIIW,Correct Me If I'm Wrong
CNP,Continued In Next Post
COB,Close Of Business
CR8,Create
CTN,Can't Talk Now
CWYL,Chat With You Later
DAE,Does Anyone Else
DBEYR,Don't Believe Everything You Read
DEGT,Don't Even Go There
DFTBA,Don't Forget To Be Awesome
DGMW,Don't Get Me Wrong
DIY,Do It Yourself
DK,Don't Know
DL,Download
DND,Do Not Disturb
DTR,Define The Relationship
DW,Don't Worry
DWBH,"Don't Worry, Be Happy"
E123,"Easy As 1, 2, 3"
EOD,End Of Day
EOM,End Of Message
ETA,Estimated Time Of Arrival
F2F,Face To Face
F4F,Follow For Follow
FBO,Facebook Official
FCFS,"First Come, First Served"
FF,Follow Friday
FML,F*** My Life
FTW,For The Win
FWB,Friends With Benefits
G2G,Got To Go
G2R,Got To Run
GB,Goodbye
GBU,God Bless You
GF,Girlfriend
GGWP,Good Game Well Played
GJ,Good Job
GL,Good Luck
GLHF,Good Luck Have Fun
GRWM,Get Ready With Me
GTG,Got To Go
GTS,Go To Sleep
HAGD,Have A Good Day
HAND,Have A Nice Day
HB2U,Happy Birthday To You
HBU,How About You
HMU,Hit Me Up
HTH,Hope This Helps
HIFW,How I Feel When
HMB,Hit Me Back
ICYMI,In Case You Missed It
IDGAF,I Don't Give A F***
IDTS,I Don't Think So
IK,I Know
IKR,I Know Right
ILYSM,I Love You So Much
IMNSHO,In My Not So Humble Opinion
IOU,I Owe You
J4F,Just For Fun
JIC,Just In Case
JS,Just Saying
KK,Okay Okay
KTHX,Okay Thanks
LFG,Let's Freaking Go
LMFAO,Laughing My F***ing A** Off
LMIRL,Let's Meet In Real Life
LNT,Last Night
LY,Love You
LYK,Let You Know
MB,My Bad
MIA,Missing In Action
MKAY,Okay
MSG,Message
MYOB,Mind Your Own Business
NBD,No Big Deal
NGL,Not Gonna Lie
NM,Nothing Much
NP,No Problem
NTY,No Thank You
OFC,Of Course
OMFG,Oh My F***ing God
OMW,On My Way
ORLY,Oh Really
OTOH,On The Other Hand
PFA,Please Find Attached
PLS,Please
PLZ,Please
PM,Private Message
PPL,People
QQ,Crying
RT,Retweet
SFW,Safe For Work
SMH,Shaking My Head
SOML,Story Of My Life
SRSLY,Seriously
SSDD,Same Stuff Different Day
STFU,Shut The F*** Up
SUP,What's Up
TBF,To Be Fair
TGIF,Thank God It's Friday
THO,Though
TIA,Thanks In Advance
TIL,Today I Learned
TMI,Too Much Information
TT,Till Tomorrow
TTYS,Talk To You Soon
TY,Thank You
TYT,Take Your Time
UHM,Um
UR,Your
WBU,What About You
WDYM,What Do You Mean
WTH,What The Heck
WTV,Whatever
WYA,Where You At
WYM,What You Mean
Y,Why
YAS,Yes
YKW,You Know What
YMMV,Your Mileage May Vary
YOLO,You Only Live Once
YW,You're Welcome
AFKBRB,Away From Keyboard Be Right Back
AAMOF,As A Matter Of Fact
ADN,Any Day Now
AFA,As Far As
AISI,As I See It
ANFAWFOS,And Now For A Word From Our Sponsor
ASLAP,Age Sex Location And Picture
AYSOS,Are You Stupid Or Something
B/C,Because
B2B,Back To Back
B2W,Back To Work
BAM,By Any Means
BB4N,Bye Bye For Now
BBI,Be Back In
BBSL,Be Back Sooner Or Later
BCNU,Be Seeing You
BOL,Best Of Luck
BRUH,Expression Of Surprise Or Disbelief
BTAIM,Be That As It May
BTFO,Back The F*** Off
BTHOM,Beats The Heck Out Of Me
BTWIT,By The Way
CC,Carbon Copy
CUL,See You Later
CWOT,Complete Waste Of Time
D8,Date
DGT,Don't Go There
DIKU,Do I Know You
DILLIGAF,Do I Look Like I Give A F***
DINK,Double Income No Kids
DPS,Damage Per Second
EAK,Eating At Keyboard
EG,For Example
EM,Email
EOL,End Of Lecture
EOT,End Of Thread
F2T,Free To Talk
F9,Fine
FAQS,Frequently Asked Questions
FBM,Flashback Monday
FBOI,For The Benefit Of Others
FOAF,Friend Of A Friend
FOMO, Fear Of Missing Out
FTL,For The Loss
FW,Forward
FYEO,For Your Eyes Only
GAS,Give A S***
GB2,Go Back To
GBTW,Get Back To Work
GDR,Grinning Daringly
GL2U,Good Luck To You
GM,Good Morning
GNITE,Good Night
GRRR,Expression Of Anger
H8,Hate
H8R,Hater
HAGN,Have A Good Night
HBU,How About You
HHOK,Ha Ha Only Kidding
HT,Hat Tip
ICBW,It Could Be Worse
IDBI,Don't Bother Me
IDKFA,I Don't Know Anything
IDKWTD,I Don't Know What To Do
IFTTT,If This Then That
IM,Instant Message
IMMD,It Made My Day
IRLY,I Really Love You
JAS,Just A Second
JLMK,Just Let Me Know
KPC,Keeping Parents Clueless
L2P,Learn To Play
LBR,Let's Be Real
LMA,Leave Me Alone
LMGTFY,Let Me Google That For You
LOML,Love Of My Life
LSHMBH,Laughing So Hard My Belly Hurts
MIRL,Meet In Real Life
MM,Music Monday
NAGI,Not A Good Idea
NFS,Not For Sale
NIFOC,Naked In Front Of Computer
NOYB,None Of Your Business
OATUS,On A Totally Unrelated Subject
OBO,Or Best Offer
OMDB,Over My Dead Body
OT,Off Topic
OTL,Over The Line
P911,Parent Alert
PAW,Parents Are Watching
PCM,Please Call Me
PIR,Parent In Room
PLMK,Please Let Me Know
POTD,Photo Of The Day
QOTD,Quote Of The Day
RBTL,Read Between The Lines
ROTF,Rolling On The Floor
RTFM,Read The F***ing Manual
RUH,Are You Horny
S2R,Send To Receive
SIT,Stay In Touch
SNAFU, Situation Normal All Fouled Up
SO,Significant Other
SOL,So Out Of Luck
SOS,Save Our Souls
SS,Screen Shot
STBY,Sucks To Be You
SWAK,Sealed With A Kiss
T4T,Thanks For Today
TBFH,To Be Frank Here
TIC,Tongue In Cheek
TMB,Text Me Back
TTFN,Ta Ta For Now
TTYL8R,Talk To You Later
W/E,Whatever
W8AM,Wait A Minute
WAG,Wild-Ass Guess
WBU,Welcome Back You
WFM,Works For Me
WRT,With Regard To
WT,Without Thinking
WTHI,What The Heck Is
WYSIWYG,What You See Is What You Get
XOXO,Hugs And Kisses
YGM,You've Got Mail
YHBT,You Have Been Trolled
YKWIM,You Know What I Mean
YTB,You're The Best
YWIA,You're Welcome In Advance
ZOMG,Oh My God
HLW,Hello
